Variable_Name,Change_Type,Change_Description,Reason_Method
CNT,Dropped,Removed due to >50% missing data,Missingness
COUNTRY,Dropped,Removed due to >50% missing data,Missingness
OECD,Dropped,Removed due to >50% missing data,Missingness
SUBNATIO,Dropped,Removed due to >50% missing data,Missingness
SCHOOLID,Dropped,Removed due to >50% missing data,Missingness
StIDStd,Dropped,Removed due to >50% missing data,Missingness
ST01Q01,Dropped,Removed due to >50% missing data,Missingness
ST02Q01,Dropped,Removed due to >50% missing data,Missingness
ST03Q02,Dropped,Removed due to >50% missing data,Missingness
ST03Q03,Dropped,Removed due to >50% missing data,Missingness
ST04Q01,Dropped,Removed due to >50% missing data,Missingness
ST05Q01,Dropped,Removed due to >50% missing data,Missingness
ST06Q01,Dropped,Removed due to >50% missing data,Missingness
ST07Q01,Dropped,Removed due to >50% missing data,Missingness
ST07Q02,Dropped,Removed due to >50% missing data,Missingness
ST07Q03,Dropped,Removed due to >50% missing data,Missingness
ST08Q01,Dropped,Removed due to >50% missing data,Missingness
ST08Q02,Dropped,Removed due to >50% missing data,Missingness
ST08Q03,Dropped,Removed due to >50% missing data,Missingness
ST08Q04,Dropped,Removed due to >50% missing data,Missingness
ST08Q05,Dropped,Removed due to >50% missing data,Missingness
ST08Q06,Dropped,Removed due to >50% missing data,Missingness
ST09Q01,Dropped,Removed due to >50% missing data,Missingness
ST10Q01,Dropped,Removed due to >50% missing data,Missingness
ST11Q01,Dropped,Removed due to >50% missing data,Missingness
ST11Q02,Dropped,Removed due to >50% missing data,Missingness
ST11Q03,Dropped,Removed due to >50% missing data,Missingness
ST11Q04,Dropped,Removed due to >50% missing data,Missingness
ST12Q01,Dropped,Removed due to >50% missing data,Missingness
ST13Q01,Dropped,Removed due to >50% missing data,Missingness
ST14Q01,Dropped,Removed due to >50% missing data,Missingness
ST15Q01,Dropped,Removed due to >50% missing data,Missingness
ST15Q02,Dropped,Removed due to >50% missing data,Missingness
ST15Q03,Dropped,Removed due to >50% missing data,Missingness
ST15Q04,Dropped,Removed due to >50% missing data,Missingness
ST16Q01,Dropped,Removed due to >50% missing data,Missingness
ST17Q01,Dropped,Removed due to >50% missing data,Missingness
ST17Q02,Dropped,Removed due to >50% missing data,Missingness
ST17Q03,Dropped,Removed due to >50% missing data,Missingness
ST18Q01,Dropped,Removed due to >50% missing data,Missingness
ST19Q01,Dropped,Removed due to >50% missing data,Missingness
ST20Q01,Dropped,Removed due to >50% missing data,Missingness
ST20Q02,Dropped,Removed due to >50% missing data,Missingness
ST20Q03,Dropped,Removed due to >50% missing data,Missingness
ST20Q04,Dropped,Removed due to >50% missing data,Missingness
ST20Q05,Dropped,Removed due to >50% missing data,Missingness
ST20Q06,Dropped,Removed due to >50% missing data,Missingness
ST20Q07,Dropped,Removed due to >50% missing data,Missingness
ST20Q08,Dropped,Removed due to >50% missing data,Missingness
ST20Q09,Dropped,Removed due to >50% missing data,Missingness
ST20Q10,Dropped,Removed due to >50% missing data,Missingness
ST20Q11,Dropped,Removed due to >50% missing data,Missingness
ST20Q12,Dropped,Removed due to >50% missing data,Missingness
ST20Q13,Dropped,Removed due to >50% missing data,Missingness
ST20Q14,Dropped,Removed due to >50% missing data,Missingness
ST20Q15,Dropped,Removed due to >50% missing data,Missingness
ST20Q16,Dropped,Removed due to >50% missing data,Missingness
ST20Q17,Dropped,Removed due to >50% missing data,Missingness
ST21Q01,Dropped,Removed due to >50% missing data,Missingness
ST21Q02,Dropped,Removed due to >50% missing data,Missingness
ST21Q03,Dropped,Removed due to >50% missing data,Missingness
ST21Q04,Dropped,Removed due to >50% missing data,Missingness
ST21Q05,Dropped,Removed due to >50% missing data,Missingness
ST22Q01,Dropped,Removed due to >50% missing data,Missingness
ST23Q01,Dropped,Removed due to >50% missing data,Missingness
ST24Q01,Dropped,Removed due to >50% missing data,Missingness
ST24Q02,Dropped,Removed due to >50% missing data,Missingness
ST24Q03,Dropped,Removed due to >50% missing data,Missingness
ST24Q04,Dropped,Removed due to >50% missing data,Missingness
ST24Q05,Dropped,Removed due to >50% missing data,Missingness
ST24Q06,Dropped,Removed due to >50% missing data,Missingness
ST24Q07,Dropped,Removed due to >50% missing data,Missingness
ST24Q08,Dropped,Removed due to >50% missing data,Missingness
ST24Q09,Dropped,Removed due to >50% missing data,Missingness
ST24Q10,Dropped,Removed due to >50% missing data,Missingness
ST24Q11,Dropped,Removed due to >50% missing data,Missingness
ST25Q01,Dropped,Removed due to >50% missing data,Missingness
ST25Q02,Dropped,Removed due to >50% missing data,Missingness
ST25Q03,Dropped,Removed due to >50% missing data,Missingness
ST25Q04,Dropped,Removed due to >50% missing data,Missingness
ST25Q05,Dropped,Removed due to >50% missing data,Missingness
ST26Q01,Dropped,Removed due to >50% missing data,Missingness
ST26Q02,Dropped,Removed due to >50% missing data,Missingness
ST26Q03,Dropped,Removed due to >50% missing data,Missingness
ST26Q04,Dropped,Removed due to >50% missing data,Missingness
ST26Q05,Dropped,Removed due to >50% missing data,Missingness
ST26Q06,Dropped,Removed due to >50% missing data,Missingness
ST26Q07,Dropped,Removed due to >50% missing data,Missingness
ST27Q01,Dropped,Removed due to >50% missing data,Missingness
ST27Q02,Dropped,Removed due to >50% missing data,Missingness
ST27Q03,Dropped,Removed due to >50% missing data,Missingness
ST27Q04,Dropped,Removed due to >50% missing data,Missingness
ST27Q05,Dropped,Removed due to >50% missing data,Missingness
ST27Q06,Dropped,Removed due to >50% missing data,Missingness
ST27Q07,Dropped,Removed due to >50% missing data,Missingness
ST27Q08,Dropped,Removed due to >50% missing data,Missingness
ST27Q09,Dropped,Removed due to >50% missing data,Missingness
ST27Q10,Dropped,Removed due to >50% missing data,Missingness
ST27Q11,Dropped,Removed due to >50% missing data,Missingness
ST27Q12,Dropped,Removed due to >50% missing data,Missingness
ST27Q13,Dropped,Removed due to >50% missing data,Missingness
ST28Q01,Dropped,Removed due to >50% missing data,Missingness
ST28Q02,Dropped,Removed due to >50% missing data,Missingness
ST28Q03,Dropped,Removed due to >50% missing data,Missingness
ST29Q01,Dropped,Removed due to >50% missing data,Missingness
ST29Q02,Dropped,Removed due to >50% missing data,Missingness
ST29Q03,Dropped,Removed due to >50% missing data,Missingness
ST30Q01,Dropped,Removed due to >50% missing data,Missingness
ST31Q01,Dropped,Removed due to >50% missing data,Missingness
ST31Q02,Dropped,Removed due to >50% missing data,Missingness
ST31Q03,Dropped,Removed due to >50% missing data,Missingness
ST31Q04,Dropped,Removed due to >50% missing data,Missingness
ST31Q05,Dropped,Removed due to >50% missing data,Missingness
ST31Q06,Dropped,Removed due to >50% missing data,Missingness
ST31Q07,Dropped,Removed due to >50% missing data,Missingness
ST31Q08,Dropped,Removed due to >50% missing data,Missingness
ST31Q09,Dropped,Removed due to >50% missing data,Missingness
ST32Q01,Dropped,Removed due to >50% missing data,Missingness
ST32Q02,Dropped,Removed due to >50% missing data,Missingness
ST32Q03,Dropped,Removed due to >50% missing data,Missingness
ST32Q04,Dropped,Removed due to >50% missing data,Missingness
ST33Q01,Dropped,Removed due to >50% missing data,Missingness
ST33Q02,Dropped,Removed due to >50% missing data,Missingness
ST33Q03,Dropped,Removed due to >50% missing data,Missingness
ST33Q04,Dropped,Removed due to >50% missing data,Missingness
ST34Q01,Dropped,Removed due to >50% missing data,Missingness
ST34Q02,Dropped,Removed due to >50% missing data,Missingness
ST34Q03,Dropped,Removed due to >50% missing data,Missingness
ST34Q04,Dropped,Removed due to >50% missing data,Missingness
ST34Q05,Dropped,Removed due to >50% missing data,Missingness
ST35Q01,Dropped,Removed due to >50% missing data,Missingness
ST36Q01,Dropped,Removed due to >50% missing data,Missingness
ST36Q02,Dropped,Removed due to >50% missing data,Missingness
ST36Q03,Dropped,Removed due to >50% missing data,Missingness
ST36Q04,Dropped,Removed due to >50% missing data,Missingness
ST36Q05,Dropped,Removed due to >50% missing data,Missingness
ST37Q01,Dropped,Removed due to >50% missing data,Missingness
ST37Q02,Dropped,Removed due to >50% missing data,Missingness
ST37Q03,Dropped,Removed due to >50% missing data,Missingness
ST37Q04,Dropped,Removed due to >50% missing data,Missingness
ST37Q05,Dropped,Removed due to >50% missing data,Missingness
ST37Q06,Dropped,Removed due to >50% missing data,Missingness
ST37Q07,Dropped,Removed due to >50% missing data,Missingness
ST38Q01,Dropped,Removed due to >50% missing data,Missingness
ST38Q02,Dropped,Removed due to >50% missing data,Missingness
ST38Q03,Dropped,Removed due to >50% missing data,Missingness
ST38Q04,Dropped,Removed due to >50% missing data,Missingness
ST38Q05,Dropped,Removed due to >50% missing data,Missingness
ST38Q06,Dropped,Removed due to >50% missing data,Missingness
ST38Q07,Dropped,Removed due to >50% missing data,Missingness
ST38Q08,Dropped,Removed due to >50% missing data,Missingness
ST38Q09,Dropped,Removed due to >50% missing data,Missingness
ST39Q01,Dropped,Removed due to >50% missing data,Missingness
ST39Q02,Dropped,Removed due to >50% missing data,Missingness
ST39Q03,Dropped,Removed due to >50% missing data,Missingness
ST39Q04,Dropped,Removed due to >50% missing data,Missingness
ST39Q05,Dropped,Removed due to >50% missing data,Missingness
ST39Q06,Dropped,Removed due to >50% missing data,Missingness
ST39Q07,Dropped,Removed due to >50% missing data,Missingness
ST40Q01,Dropped,Removed due to >50% missing data,Missingness
ST41Q01,Dropped,Removed due to >50% missing data,Missingness
ST41Q02,Dropped,Removed due to >50% missing data,Missingness
ST41Q03,Dropped,Removed due to >50% missing data,Missingness
ST41Q04,Dropped,Removed due to >50% missing data,Missingness
ST41Q05,Dropped,Removed due to >50% missing data,Missingness
ST41Q06,Dropped,Removed due to >50% missing data,Missingness
ST42Q01,Dropped,Removed due to >50% missing data,Missingness
ST42Q02,Dropped,Removed due to >50% missing data,Missingness
ST42Q03,Dropped,Removed due to >50% missing data,Missingness
ST42Q04,Dropped,Removed due to >50% missing data,Missingness
ST42Q05,Dropped,Removed due to >50% missing data,Missingness
IC01Q01,Dropped,Removed due to >50% missing data,Missingness
IC01Q02,Dropped,Removed due to >50% missing data,Missingness
IC01Q03,Dropped,Removed due to >50% missing data,Missingness
IC01Q04,Dropped,Removed due to >50% missing data,Missingness
IC01Q05,Dropped,Removed due to >50% missing data,Missingness
IC01Q06,Dropped,Removed due to >50% missing data,Missingness
IC01Q07,Dropped,Removed due to >50% missing data,Missingness
IC01Q08,Dropped,Removed due to >50% missing data,Missingness
IC02Q01,Dropped,Removed due to >50% missing data,Missingness
IC02Q02,Dropped,Removed due to >50% missing data,Missingness
IC02Q03,Dropped,Removed due to >50% missing data,Missingness
IC02Q04,Dropped,Removed due to >50% missing data,Missingness
IC02Q05,Dropped,Removed due to >50% missing data,Missingness
IC03Q01,Dropped,Removed due to >50% missing data,Missingness
IC04Q01,Dropped,Removed due to >50% missing data,Missingness
IC04Q02,Dropped,Removed due to >50% missing data,Missingness
IC04Q03,Dropped,Removed due to >50% missing data,Missingness
IC04Q04,Dropped,Removed due to >50% missing data,Missingness
IC04Q05,Dropped,Removed due to >50% missing data,Missingness
IC04Q06,Dropped,Removed due to >50% missing data,Missingness
IC04Q07,Dropped,Removed due to >50% missing data,Missingness
IC04Q08,Dropped,Removed due to >50% missing data,Missingness
IC04Q09,Dropped,Removed due to >50% missing data,Missingness
IC05Q01,Dropped,Removed due to >50% missing data,Missingness
IC05Q02,Dropped,Removed due to >50% missing data,Missingness
IC05Q03,Dropped,Removed due to >50% missing data,Missingness
IC05Q04,Dropped,Removed due to >50% missing data,Missingness
IC05Q05,Dropped,Removed due to >50% missing data,Missingness
IC06Q01,Dropped,Removed due to >50% missing data,Missingness
IC06Q02,Dropped,Removed due to >50% missing data,Missingness
IC06Q03,Dropped,Removed due to >50% missing data,Missingness
IC06Q04,Dropped,Removed due to >50% missing data,Missingness
IC06Q05,Dropped,Removed due to >50% missing data,Missingness
IC06Q06,Dropped,Removed due to >50% missing data,Missingness
IC06Q07,Dropped,Removed due to >50% missing data,Missingness
IC06Q08,Dropped,Removed due to >50% missing data,Missingness
IC06Q09,Dropped,Removed due to >50% missing data,Missingness
IC07Q01,Dropped,Removed due to >50% missing data,Missingness
IC07Q02,Dropped,Removed due to >50% missing data,Missingness
IC07Q03,Dropped,Removed due to >50% missing data,Missingness
IC07Q04,Dropped,Removed due to >50% missing data,Missingness
IC08Q01,Dropped,Removed due to >50% missing data,Missingness
IC08Q02,Dropped,Removed due to >50% missing data,Missingness
IC08Q03,Dropped,Removed due to >50% missing data,Missingness
IC08Q04,Dropped,Removed due to >50% missing data,Missingness
IC08Q05,Dropped,Removed due to >50% missing data,Missingness
IC09Q01,Dropped,Removed due to >50% missing data,Missingness
IC10Q01,Dropped,Removed due to >50% missing data,Missingness
IC10Q02,Dropped,Removed due to >50% missing data,Missingness
IC10Q03,Dropped,Removed due to >50% missing data,Missingness
IC10Q04,Dropped,Removed due to >50% missing data,Missingness
EC01Q01,Dropped,Removed due to >50% missing data,Missingness
EC02Q01,Dropped,Removed due to >50% missing data,Missingness
EC03Q01,Dropped,Removed due to >50% missing data,Missingness
EC04Q01,Dropped,Removed due to >50% missing data,Missingness
EC05Q01A,Dropped,Removed due to >50% missing data,Missingness
EC05Q01B,Dropped,Removed due to >50% missing data,Missingness
EC05Q01C,Dropped,Removed due to >50% missing data,Missingness
EC05Q01D,Dropped,Removed due to >50% missing data,Missingness
EC05Q01E,Dropped,Removed due to >50% missing data,Missingness
EC05Q01F,Dropped,Removed due to >50% missing data,Missingness
EC06Q01,Dropped,Removed due to >50% missing data,Missingness
EC06Q02,Dropped,Removed due to >50% missing data,Missingness
EC06Q03,Dropped,Removed due to >50% missing data,Missingness
EC07Q01,Dropped,Removed due to >50% missing data,Missingness
RFS1Q01,Dropped,Removed due to >50% missing data,Missingness
RFS1Q02,Dropped,Removed due to >50% missing data,Missingness
RFS1Q03,Dropped,Removed due to >50% missing data,Missingness
RFS1Q04,Dropped,Removed due to >50% missing data,Missingness
RFS1Q05,Dropped,Removed due to >50% missing data,Missingness
RFS1Q06,Dropped,Removed due to >50% missing data,Missingness
RFS1Q07,Dropped,Removed due to >50% missing data,Missingness
RFS1Q08,Dropped,Removed due to >50% missing data,Missingness
RFS2Q01,Dropped,Removed due to >50% missing data,Missingness
RFS2Q02,Dropped,Removed due to >50% missing data,Missingness
RFS2Q03,Dropped,Removed due to >50% missing data,Missingness
RFS2Q04,Dropped,Removed due to >50% missing data,Missingness
RFS2Q05,Dropped,Removed due to >50% missing data,Missingness
RFS2Q06,Dropped,Removed due to >50% missing data,Missingness
RFS2Q07,Dropped,Removed due to >50% missing data,Missingness
RFS2Q08,Dropped,Removed due to >50% missing data,Missingness
RFS2Q09,Dropped,Removed due to >50% missing data,Missingness
BOOKID,Dropped,Removed due to >50% missing data,Missingness
AGE,Dropped,Removed due to >50% missing data,Missingness
BFMJ,Dropped,Removed due to >50% missing data,Missingness
BMMJ,Dropped,Removed due to >50% missing data,Missingness
COBN_F,Dropped,Removed due to >50% missing data,Missingness
COBN_M,Dropped,Removed due to >50% missing data,Missingness
COBN_S,Dropped,Removed due to >50% missing data,Missingness
GRADE,Dropped,Removed due to >50% missing data,Missingness
FAMSTRUC,Dropped,Removed due to >50% missing data,Missingness
FISCED,Dropped,Removed due to >50% missing data,Missingness
MISCED,Dropped,Removed due to >50% missing data,Missingness
HISCED,Dropped,Removed due to >50% missing data,Missingness
FSECATEG,Dropped,Removed due to >50% missing data,Missingness
MSECATEG,Dropped,Removed due to >50% missing data,Missingness
HSECATEG,Dropped,Removed due to >50% missing data,Missingness
HISEI,Dropped,Removed due to >50% missing data,Missingness
IMMIG,Dropped,Removed due to >50% missing data,Missingness
ISCEDD,Dropped,Removed due to >50% missing data,Missingness
ISCEDL,Dropped,Removed due to >50% missing data,Missingness
ISCEDO,Dropped,Removed due to >50% missing data,Missingness
LANGN,Dropped,Removed due to >50% missing data,Missingness
LMINS,Dropped,Removed due to >50% missing data,Missingness
MMINS,Dropped,Removed due to >50% missing data,Missingness
SMINS,Dropped,Removed due to >50% missing data,Missingness
METASUM,Dropped,Removed due to >50% missing data,Missingness
UNDREM,Dropped,Removed due to >50% missing data,Missingness
PARED,Dropped,Removed due to >50% missing data,Missingness
PROGN,Dropped,Removed due to >50% missing data,Missingness
ATTCOMP,Dropped,Removed due to >50% missing data,Missingness
ATSCHL,Dropped,Removed due to >50% missing data,Missingness
CSTRAT,Dropped,Removed due to >50% missing data,Missingness
CULTPOSS,Dropped,Removed due to >50% missing data,Missingness
DISCLIMA,Dropped,Removed due to >50% missing data,Missingness
DIVREAD,Dropped,Removed due to >50% missing data,Missingness
ELAB,Dropped,Removed due to >50% missing data,Missingness
ENTUSE,Dropped,Removed due to >50% missing data,Missingness
ESCS,Dropped,Removed due to >50% missing data,Missingness
HEDRES,Dropped,Removed due to >50% missing data,Missingness
HIGHCONF,Dropped,Removed due to >50% missing data,Missingness
HOMEPOS,Dropped,Removed due to >50% missing data,Missingness
HOMSCH,Dropped,Removed due to >50% missing data,Missingness
ICTHOME,Dropped,Removed due to >50% missing data,Missingness
ICTRES,Dropped,Removed due to >50% missing data,Missingness
ICTSCH,Dropped,Removed due to >50% missing data,Missingness
JOYREAD,Dropped,Removed due to >50% missing data,Missingness
LIBUSE,Dropped,Removed due to >50% missing data,Missingness
MEMOR,Dropped,Removed due to >50% missing data,Missingness
ONLNREAD,Dropped,Removed due to >50% missing data,Missingness
STIMREAD,Dropped,Removed due to >50% missing data,Missingness
STRSTRAT,Dropped,Removed due to >50% missing data,Missingness
STUDREL,Dropped,Removed due to >50% missing data,Missingness
USESCH,Dropped,Removed due to >50% missing data,Missingness
WEALTH,Dropped,Removed due to >50% missing data,Missingness
RFSINTRP,Dropped,Removed due to >50% missing data,Missingness
RFSNCONT,Dropped,Removed due to >50% missing data,Missingness
RFSTRLIT,Dropped,Removed due to >50% missing data,Missingness
RFSFUMAT,Dropped,Removed due to >50% missing data,Missingness
PV1MATH,Dropped,Removed due to >50% missing data,Missingness
PV2MATH,Dropped,Removed due to >50% missing data,Missingness
PV3MATH,Dropped,Removed due to >50% missing data,Missingness
PV4MATH,Dropped,Removed due to >50% missing data,Missingness
PV5MATH,Dropped,Removed due to >50% missing data,Missingness
PV1READ,Dropped,Removed due to >50% missing data,Missingness
PV2READ,Dropped,Removed due to >50% missing data,Missingness
PV3READ,Dropped,Removed due to >50% missing data,Missingness
PV4READ,Dropped,Removed due to >50% missing data,Missingness
PV5READ,Dropped,Removed due to >50% missing data,Missingness
PV1SCIE,Dropped,Removed due to >50% missing data,Missingness
PV2SCIE,Dropped,Removed due to >50% missing data,Missingness
PV3SCIE,Dropped,Removed due to >50% missing data,Missingness
PV4SCIE,Dropped,Removed due to >50% missing data,Missingness
PV5SCIE,Dropped,Removed due to >50% missing data,Missingness
PV1READ1,Dropped,Removed due to >50% missing data,Missingness
PV2READ1,Dropped,Removed due to >50% missing data,Missingness
PV3READ1,Dropped,Removed due to >50% missing data,Missingness
PV4READ1,Dropped,Removed due to >50% missing data,Missingness
PV5READ1,Dropped,Removed due to >50% missing data,Missingness
PV1READ2,Dropped,Removed due to >50% missing data,Missingness
PV2READ2,Dropped,Removed due to >50% missing data,Missingness
PV3READ2,Dropped,Removed due to >50% missing data,Missingness
PV4READ2,Dropped,Removed due to >50% missing data,Missingness
PV5READ2,Dropped,Removed due to >50% missing data,Missingness
PV1READ3,Dropped,Removed due to >50% missing data,Missingness
PV2READ3,Dropped,Removed due to >50% missing data,Missingness
PV3READ3,Dropped,Removed due to >50% missing data,Missingness
PV4READ3,Dropped,Removed due to >50% missing data,Missingness
PV5READ3,Dropped,Removed due to >50% missing data,Missingness
PV1READ4,Dropped,Removed due to >50% missing data,Missingness
PV2READ4,Dropped,Removed due to >50% missing data,Missingness
PV3READ4,Dropped,Removed due to >50% missing data,Missingness
PV4READ4,Dropped,Removed due to >50% missing data,Missingness
PV5READ4,Dropped,Removed due to >50% missing data,Missingness
PV1READ5,Dropped,Removed due to >50% missing data,Missingness
PV2READ5,Dropped,Removed due to >50% missing data,Missingness
PV3READ5,Dropped,Removed due to >50% missing data,Missingness
PV4READ5,Dropped,Removed due to >50% missing data,Missingness
PV5READ5,Dropped,Removed due to >50% missing data,Missingness
W_FSTUWT,Dropped,Removed due to >50% missing data,Missingness
W_FSTR1,Dropped,Removed due to >50% missing data,Missingness
W_FSTR2,Dropped,Removed due to >50% missing data,Missingness
W_FSTR3,Dropped,Removed due to >50% missing data,Missingness
W_FSTR4,Dropped,Removed due to >50% missing data,Missingness
W_FSTR5,Dropped,Removed due to >50% missing data,Missingness
W_FSTR6,Dropped,Removed due to >50% missing data,Missingness
W_FSTR7,Dropped,Removed due to >50% missing data,Missingness
W_FSTR8,Dropped,Removed due to >50% missing data,Missingness
W_FSTR9,Dropped,Removed due to >50% missing data,Missingness
W_FSTR10,Dropped,Removed due to >50% missing data,Missingness
W_FSTR11,Dropped,Removed due to >50% missing data,Missingness
W_FSTR12,Dropped,Removed due to >50% missing data,Missingness
W_FSTR13,Dropped,Removed due to >50% missing data,Missingness
W_FSTR14,Dropped,Removed due to >50% missing data,Missingness
W_FSTR15,Dropped,Removed due to >50% missing data,Missingness
W_FSTR16,Dropped,Removed due to >50% missing data,Missingness
W_FSTR17,Dropped,Removed due to >50% missing data,Missingness
W_FSTR18,Dropped,Removed due to >50% missing data,Missingness
W_FSTR19,Dropped,Removed due to >50% missing data,Missingness
W_FSTR20,Dropped,Removed due to >50% missing data,Missingness
W_FSTR21,Dropped,Removed due to >50% missing data,Missingness
W_FSTR22,Dropped,Removed due to >50% missing data,Missingness
W_FSTR23,Dropped,Removed due to >50% missing data,Missingness
W_FSTR24,Dropped,Removed due to >50% missing data,Missingness
W_FSTR25,Dropped,Removed due to >50% missing data,Missingness
W_FSTR26,Dropped,Removed due to >50% missing data,Missingness
W_FSTR27,Dropped,Removed due to >50% missing data,Missingness
W_FSTR28,Dropped,Removed due to >50% missing data,Missingness
W_FSTR29,Dropped,Removed due to >50% missing data,Missingness
W_FSTR30,Dropped,Removed due to >50% missing data,Missingness
W_FSTR31,Dropped,Removed due to >50% missing data,Missingness
W_FSTR32,Dropped,Removed due to >50% missing data,Missingness
W_FSTR33,Dropped,Removed due to >50% missing data,Missingness
W_FSTR34,Dropped,Removed due to >50% missing data,Missingness
W_FSTR35,Dropped,Removed due to >50% missing data,Missingness
W_FSTR36,Dropped,Removed due to >50% missing data,Missingness
W_FSTR37,Dropped,Removed due to >50% missing data,Missingness
W_FSTR38,Dropped,Removed due to >50% missing data,Missingness
W_FSTR39,Dropped,Removed due to >50% missing data,Missingness
W_FSTR40,Dropped,Removed due to >50% missing data,Missingness
W_FSTR41,Dropped,Removed due to >50% missing data,Missingness
W_FSTR42,Dropped,Removed due to >50% missing data,Missingness
W_FSTR43,Dropped,Removed due to >50% missing data,Missingness
W_FSTR44,Dropped,Removed due to >50% missing data,Missingness
W_FSTR45,Dropped,Removed due to >50% missing data,Missingness
W_FSTR46,Dropped,Removed due to >50% missing data,Missingness
W_FSTR47,Dropped,Removed due to >50% missing data,Missingness
W_FSTR48,Dropped,Removed due to >50% missing data,Missingness
W_FSTR49,Dropped,Removed due to >50% missing data,Missingness
W_FSTR50,Dropped,Removed due to >50% missing data,Missingness
W_FSTR51,Dropped,Removed due to >50% missing data,Missingness
W_FSTR52,Dropped,Removed due to >50% missing data,Missingness
W_FSTR53,Dropped,Removed due to >50% missing data,Missingness
W_FSTR54,Dropped,Removed due to >50% missing data,Missingness
W_FSTR55,Dropped,Removed due to >50% missing data,Missingness
W_FSTR56,Dropped,Removed due to >50% missing data,Missingness
W_FSTR57,Dropped,Removed due to >50% missing data,Missingness
W_FSTR58,Dropped,Removed due to >50% missing data,Missingness
W_FSTR59,Dropped,Removed due to >50% missing data,Missingness
W_FSTR60,Dropped,Removed due to >50% missing data,Missingness
W_FSTR61,Dropped,Removed due to >50% missing data,Missingness
W_FSTR62,Dropped,Removed due to >50% missing data,Missingness
W_FSTR63,Dropped,Removed due to >50% missing data,Missingness
W_FSTR64,Dropped,Removed due to >50% missing data,Missingness
W_FSTR65,Dropped,Removed due to >50% missing data,Missingness
W_FSTR66,Dropped,Removed due to >50% missing data,Missingness
W_FSTR67,Dropped,Removed due to >50% missing data,Missingness
W_FSTR68,Dropped,Removed due to >50% missing data,Missingness
W_FSTR69,Dropped,Removed due to >50% missing data,Missingness
W_FSTR70,Dropped,Removed due to >50% missing data,Missingness
W_FSTR71,Dropped,Removed due to >50% missing data,Missingness
W_FSTR72,Dropped,Removed due to >50% missing data,Missingness
W_FSTR73,Dropped,Removed due to >50% missing data,Missingness
W_FSTR74,Dropped,Removed due to >50% missing data,Missingness
W_FSTR75,Dropped,Removed due to >50% missing data,Missingness
W_FSTR76,Dropped,Removed due to >50% missing data,Missingness
W_FSTR77,Dropped,Removed due to >50% missing data,Missingness
W_FSTR78,Dropped,Removed due to >50% missing data,Missingness
W_FSTR79,Dropped,Removed due to >50% missing data,Missingness
W_FSTR80,Dropped,Removed due to >50% missing data,Missingness
TESTLANG,Dropped,Removed due to >50% missing data,Missingness
CNTFAC,Dropped,Removed due to >50% missing data,Missingness
STRATUM,Dropped,Removed due to >50% missing data,Missingness
WVARSTRR,Dropped,Removed due to >50% missing data,Missingness
RANDUNIT,Dropped,Removed due to >50% missing data,Missingness
VER_STU,Dropped,Removed due to >50% missing data,Missingness
SC01Q01,Dropped,Removed due to >50% missing data,Missingness
SC01Q02,Dropped,Removed due to >50% missing data,Missingness
SC01Q03,Dropped,Removed due to >50% missing data,Missingness
SC01Q04,Dropped,Removed due to >50% missing data,Missingness
SC01Q05,Dropped,Removed due to >50% missing data,Missingness
SC01Q06,Dropped,Removed due to >50% missing data,Missingness
SC01Q07,Dropped,Removed due to >50% missing data,Missingness
SC01Q08,Dropped,Removed due to >50% missing data,Missingness
SC01Q09,Dropped,Removed due to >50% missing data,Missingness
SC01Q10,Dropped,Removed due to >50% missing data,Missingness
SC01Q11,Dropped,Removed due to >50% missing data,Missingness
SC01Q12,Dropped,Removed due to >50% missing data,Missingness
SC01Q13,Dropped,Removed due to >50% missing data,Missingness
SC01Q14,Dropped,Removed due to >50% missing data,Missingness
SC02Q01,Dropped,Removed due to >50% missing data,Missingness
SC03Q01,Dropped,Removed due to >50% missing data,Missingness
SC03Q02,Dropped,Removed due to >50% missing data,Missingness
SC03Q03,Dropped,Removed due to >50% missing data,Missingness
SC03Q04,Dropped,Removed due to >50% missing data,Missingness
SC04Q01,Dropped,Removed due to >50% missing data,Missingness
SC05Q01,Dropped,Removed due to >50% missing data,Missingness
SC06Q01,Dropped,Removed due to >50% missing data,Missingness
SC06Q02,Dropped,Removed due to >50% missing data,Missingness
SC07Q01,Dropped,Removed due to >50% missing data,Missingness
SC07Q02,Dropped,Removed due to >50% missing data,Missingness
SC08Q01,Dropped,Removed due to >50% missing data,Missingness
SC09Q11,Dropped,Removed due to >50% missing data,Missingness
SC09Q12,Dropped,Removed due to >50% missing data,Missingness
SC09Q21,Dropped,Removed due to >50% missing data,Missingness
SC09Q22,Dropped,Removed due to >50% missing data,Missingness
SC09Q31,Dropped,Removed due to >50% missing data,Missingness
SC09Q32,Dropped,Removed due to >50% missing data,Missingness
SC10Q01,Dropped,Removed due to >50% missing data,Missingness
SC10Q02,Dropped,Removed due to >50% missing data,Missingness
SC10Q03,Dropped,Removed due to >50% missing data,Missingness
SC11Q01,Dropped,Removed due to >50% missing data,Missingness
SC11Q02,Dropped,Removed due to >50% missing data,Missingness
SC11Q03,Dropped,Removed due to >50% missing data,Missingness
SC11Q04,Dropped,Removed due to >50% missing data,Missingness
SC11Q05,Dropped,Removed due to >50% missing data,Missingness
SC11Q06,Dropped,Removed due to >50% missing data,Missingness
SC11Q07,Dropped,Removed due to >50% missing data,Missingness
SC11Q08,Dropped,Removed due to >50% missing data,Missingness
SC11Q09,Dropped,Removed due to >50% missing data,Missingness
SC11Q10,Dropped,Removed due to >50% missing data,Missingness
SC11Q11,Dropped,Removed due to >50% missing data,Missingness
SC11Q12,Dropped,Removed due to >50% missing data,Missingness
SC11Q13,Dropped,Removed due to >50% missing data,Missingness
SC12Q01,Dropped,Removed due to >50% missing data,Missingness
SC12Q02,Dropped,Removed due to >50% missing data,Missingness
SC13Q01,Dropped,Removed due to >50% missing data,Missingness
SC13Q02,Dropped,Removed due to >50% missing data,Missingness
SC13Q03,Dropped,Removed due to >50% missing data,Missingness
SC13Q04,Dropped,Removed due to >50% missing data,Missingness
SC13Q05,Dropped,Removed due to >50% missing data,Missingness
SC13Q06,Dropped,Removed due to >50% missing data,Missingness
SC13Q07,Dropped,Removed due to >50% missing data,Missingness
SC13Q08,Dropped,Removed due to >50% missing data,Missingness
SC13Q09,Dropped,Removed due to >50% missing data,Missingness
SC13Q10,Dropped,Removed due to >50% missing data,Missingness
SC13Q11,Dropped,Removed due to >50% missing data,Missingness
SC13Q12,Dropped,Removed due to >50% missing data,Missingness
SC13Q13,Dropped,Removed due to >50% missing data,Missingness
SC13Q14,Dropped,Removed due to >50% missing data,Missingness
SC14Q01,Dropped,Removed due to >50% missing data,Missingness
SC14Q02,Dropped,Removed due to >50% missing data,Missingness
SC14Q03,Dropped,Removed due to >50% missing data,Missingness
SC14Q04,Dropped,Removed due to >50% missing data,Missingness
SC14Q05,Dropped,Removed due to >50% missing data,Missingness
SC15Q01,Dropped,Removed due to >50% missing data,Missingness
SC15Q02,Dropped,Removed due to >50% missing data,Missingness
SC15Q03,Dropped,Removed due to >50% missing data,Missingness
SC15Q04,Dropped,Removed due to >50% missing data,Missingness
SC15Q05,Dropped,Removed due to >50% missing data,Missingness
SC16Q01,Dropped,Removed due to >50% missing data,Missingness
SC16Q02,Dropped,Removed due to >50% missing data,Missingness
SC16Q03,Dropped,Removed due to >50% missing data,Missingness
SC16Q04,Dropped,Removed due to >50% missing data,Missingness
SC16Q05,Dropped,Removed due to >50% missing data,Missingness
SC16Q06,Dropped,Removed due to >50% missing data,Missingness
SC16Q07,Dropped,Removed due to >50% missing data,Missingness
SC16Q08,Dropped,Removed due to >50% missing data,Missingness
SC17Q01,Dropped,Removed due to >50% missing data,Missingness
SC17Q02,Dropped,Removed due to >50% missing data,Missingness
SC17Q03,Dropped,Removed due to >50% missing data,Missingness
SC17Q04,Dropped,Removed due to >50% missing data,Missingness
SC17Q05,Dropped,Removed due to >50% missing data,Missingness
SC17Q06,Dropped,Removed due to >50% missing data,Missingness
SC17Q07,Dropped,Removed due to >50% missing data,Missingness
SC17Q08,Dropped,Removed due to >50% missing data,Missingness
SC17Q09,Dropped,Removed due to >50% missing data,Missingness
SC17Q10,Dropped,Removed due to >50% missing data,Missingness
SC17Q11,Dropped,Removed due to >50% missing data,Missingness
SC17Q12,Dropped,Removed due to >50% missing data,Missingness
SC17Q13,Dropped,Removed due to >50% missing data,Missingness
SC18Q01,Dropped,Removed due to >50% missing data,Missingness
SC19Q01,Dropped,Removed due to >50% missing data,Missingness
SC19Q02,Dropped,Removed due to >50% missing data,Missingness
SC19Q03,Dropped,Removed due to >50% missing data,Missingness
SC19Q04,Dropped,Removed due to >50% missing data,Missingness
SC19Q05,Dropped,Removed due to >50% missing data,Missingness
SC19Q06,Dropped,Removed due to >50% missing data,Missingness
SC19Q07,Dropped,Removed due to >50% missing data,Missingness
SC20Q01,Dropped,Removed due to >50% missing data,Missingness
SC20Q02,Dropped,Removed due to >50% missing data,Missingness
SC20Q03,Dropped,Removed due to >50% missing data,Missingness
SC20Q04,Dropped,Removed due to >50% missing data,Missingness
SC20Q05,Dropped,Removed due to >50% missing data,Missingness
SC20Q06,Dropped,Removed due to >50% missing data,Missingness
SC21Q01,Dropped,Removed due to >50% missing data,Missingness
SC21Q02,Dropped,Removed due to >50% missing data,Missingness
SC21Q03,Dropped,Removed due to >50% missing data,Missingness
SC22Q01,Dropped,Removed due to >50% missing data,Missingness
SC22Q02,Dropped,Removed due to >50% missing data,Missingness
SC22Q03,Dropped,Removed due to >50% missing data,Missingness
SC22Q04,Dropped,Removed due to >50% missing data,Missingness
SC22Q05,Dropped,Removed due to >50% missing data,Missingness
SC23Q01,Dropped,Removed due to >50% missing data,Missingness
SC23Q02,Dropped,Removed due to >50% missing data,Missingness
SC23Q03,Dropped,Removed due to >50% missing data,Missingness
SC23Q04,Dropped,Removed due to >50% missing data,Missingness
SC24Qa1,Dropped,Removed due to >50% missing data,Missingness
SC24Qa2,Dropped,Removed due to >50% missing data,Missingness
SC24Qa3,Dropped,Removed due to >50% missing data,Missingness
SC24Qa4,Dropped,Removed due to >50% missing data,Missingness
SC24Qa5,Dropped,Removed due to >50% missing data,Missingness
SC24Qb1,Dropped,Removed due to >50% missing data,Missingness
SC24Qb2,Dropped,Removed due to >50% missing data,Missingness
SC24Qb3,Dropped,Removed due to >50% missing data,Missingness
SC24Qb4,Dropped,Removed due to >50% missing data,Missingness
SC24Qb5,Dropped,Removed due to >50% missing data,Missingness
SC24Qc1,Dropped,Removed due to >50% missing data,Missingness
SC24Qc2,Dropped,Removed due to >50% missing data,Missingness
SC24Qc3,Dropped,Removed due to >50% missing data,Missingness
SC24Qc4,Dropped,Removed due to >50% missing data,Missingness
SC24Qc5,Dropped,Removed due to >50% missing data,Missingness
SC24Qd1,Dropped,Removed due to >50% missing data,Missingness
SC24Qd2,Dropped,Removed due to >50% missing data,Missingness
SC24Qd3,Dropped,Removed due to >50% missing data,Missingness
SC24Qd4,Dropped,Removed due to >50% missing data,Missingness
SC24Qd5,Dropped,Removed due to >50% missing data,Missingness
SC24Qe1,Dropped,Removed due to >50% missing data,Missingness
SC24Qe2,Dropped,Removed due to >50% missing data,Missingness
SC24Qe3,Dropped,Removed due to >50% missing data,Missingness
SC24Qe4,Dropped,Removed due to >50% missing data,Missingness
SC24Qe5,Dropped,Removed due to >50% missing data,Missingness
SC24Qf1,Dropped,Removed due to >50% missing data,Missingness
SC24Qf2,Dropped,Removed due to >50% missing data,Missingness
SC24Qf3,Dropped,Removed due to >50% missing data,Missingness
SC24Qf4,Dropped,Removed due to >50% missing data,Missingness
SC24Qf5,Dropped,Removed due to >50% missing data,Missingness
SC24Qg1,Dropped,Removed due to >50% missing data,Missingness
SC24Qg2,Dropped,Removed due to >50% missing data,Missingness
SC24Qg3,Dropped,Removed due to >50% missing data,Missingness
SC24Qg4,Dropped,Removed due to >50% missing data,Missingness
SC24Qg5,Dropped,Removed due to >50% missing data,Missingness
SC24Qh1,Dropped,Removed due to >50% missing data,Missingness
SC24Qh2,Dropped,Removed due to >50% missing data,Missingness
SC24Qh3,Dropped,Removed due to >50% missing data,Missingness
SC24Qh4,Dropped,Removed due to >50% missing data,Missingness
SC24Qh5,Dropped,Removed due to >50% missing data,Missingness
SC24Qi1,Dropped,Removed due to >50% missing data,Missingness
SC24Qi2,Dropped,Removed due to >50% missing data,Missingness
SC24Qi3,Dropped,Removed due to >50% missing data,Missingness
SC24Qi4,Dropped,Removed due to >50% missing data,Missingness
SC24Qi5,Dropped,Removed due to >50% missing data,Missingness
SC24Qj1,Dropped,Removed due to >50% missing data,Missingness
SC24Qj2,Dropped,Removed due to >50% missing data,Missingness
SC24Qj3,Dropped,Removed due to >50% missing data,Missingness
SC24Qj4,Dropped,Removed due to >50% missing data,Missingness
SC24Qj5,Dropped,Removed due to >50% missing data,Missingness
SC24Qk1,Dropped,Removed due to >50% missing data,Missingness
SC24Qk2,Dropped,Removed due to >50% missing data,Missingness
SC24Qk3,Dropped,Removed due to >50% missing data,Missingness
SC24Qk4,Dropped,Removed due to >50% missing data,Missingness
SC24Qk5,Dropped,Removed due to >50% missing data,Missingness
SC24Ql1,Dropped,Removed due to >50% missing data,Missingness
SC24Ql2,Dropped,Removed due to >50% missing data,Missingness
SC24Ql3,Dropped,Removed due to >50% missing data,Missingness
SC24Ql4,Dropped,Removed due to >50% missing data,Missingness
SC24Ql5,Dropped,Removed due to >50% missing data,Missingness
SC25Qa1,Dropped,Removed due to >50% missing data,Missingness
SC25Qa2,Dropped,Removed due to >50% missing data,Missingness
SC25Qa3,Dropped,Removed due to >50% missing data,Missingness
SC25Qa4,Dropped,Removed due to >50% missing data,Missingness
SC25Qb1,Dropped,Removed due to >50% missing data,Missingness
SC25Qb2,Dropped,Removed due to >50% missing data,Missingness
SC25Qb3,Dropped,Removed due to >50% missing data,Missingness
SC25Qb4,Dropped,Removed due to >50% missing data,Missingness
SC25Qc1,Dropped,Removed due to >50% missing data,Missingness
SC25Qc2,Dropped,Removed due to >50% missing data,Missingness
SC25Qc3,Dropped,Removed due to >50% missing data,Missingness
SC25Qc4,Dropped,Removed due to >50% missing data,Missingness
SC25Qd1,Dropped,Removed due to >50% missing data,Missingness
SC25Qd2,Dropped,Removed due to >50% missing data,Missingness
SC25Qd3,Dropped,Removed due to >50% missing data,Missingness
SC25Qd4,Dropped,Removed due to >50% missing data,Missingness
SC25Qe1,Dropped,Removed due to >50% missing data,Missingness
SC25Qe2,Dropped,Removed due to >50% missing data,Missingness
SC25Qe3,Dropped,Removed due to >50% missing data,Missingness
SC25Qe4,Dropped,Removed due to >50% missing data,Missingness
SC25Qf1,Dropped,Removed due to >50% missing data,Missingness
SC25Qf2,Dropped,Removed due to >50% missing data,Missingness
SC25Qf3,Dropped,Removed due to >50% missing data,Missingness
SC25Qf4,Dropped,Removed due to >50% missing data,Missingness
SC26Q01,Dropped,Removed due to >50% missing data,Missingness
SC26Q02,Dropped,Removed due to >50% missing data,Missingness
SC26Q03,Dropped,Removed due to >50% missing data,Missingness
SC26Q04,Dropped,Removed due to >50% missing data,Missingness
SC26Q05,Dropped,Removed due to >50% missing data,Missingness
SC26Q06,Dropped,Removed due to >50% missing data,Missingness
SC26Q07,Dropped,Removed due to >50% missing data,Missingness
SC26Q08,Dropped,Removed due to >50% missing data,Missingness
SC26Q09,Dropped,Removed due to >50% missing data,Missingness
SC26Q10,Dropped,Removed due to >50% missing data,Missingness
SC26Q11,Dropped,Removed due to >50% missing data,Missingness
SC26Q12,Dropped,Removed due to >50% missing data,Missingness
SC26Q13,Dropped,Removed due to >50% missing data,Missingness
SC26Q14,Dropped,Removed due to >50% missing data,Missingness
SC27Q01,Dropped,Removed due to >50% missing data,Missingness
ABGROUP,Dropped,Removed due to >50% missing data,Missingness
COMPWEB,Dropped,Removed due to >50% missing data,Missingness
IRATCOMP,Dropped,Removed due to >50% missing data,Missingness
PCGIRLS,Dropped,Removed due to >50% missing data,Missingness
PROPCERT,Dropped,Removed due to >50% missing data,Missingness
PROPQUAL,Dropped,Removed due to >50% missing data,Missingness
SCHSIZE,Dropped,Removed due to >50% missing data,Missingness
SCHTYPE,Dropped,Removed due to >50% missing data,Missingness
SELSCH,Dropped,Removed due to >50% missing data,Missingness
STRATIO,Dropped,Removed due to >50% missing data,Missingness
EXCURACT,Dropped,Removed due to >50% missing data,Missingness
LDRSHP,Dropped,Removed due to >50% missing data,Missingness
RESPCURR,Dropped,Removed due to >50% missing data,Missingness
RESPRES,Dropped,Removed due to >50% missing data,Missingness
SCMATEDU,Dropped,Removed due to >50% missing data,Missingness
STUDBEHA,Dropped,Removed due to >50% missing data,Missingness
TCHPARTI,Dropped,Removed due to >50% missing data,Missingness
TCSHORT,Dropped,Removed due to >50% missing data,Missingness
TEACBEHA,Dropped,Removed due to >50% missing data,Missingness
W_FSCHWT,Dropped,Removed due to >50% missing data,Missingness
VER_SCH,Dropped,Removed due to >50% missing data,Missingness
country,Imputed (Numeric),Replaced missing values with median,Imputation
oecd,Imputed (Numeric),Replaced missing values with median,Imputation
subnatio,Imputed (Numeric),Replaced missing values with median,Imputation
st01q01,Imputed (Numeric),Replaced missing values with median,Imputation
st02q01,Imputed (Numeric),Replaced missing values with median,Imputation
st03q03,Imputed (Numeric),Replaced missing values with median,Imputation
st04q01,Imputed (Numeric),Replaced missing values with median,Imputation
st05q01,Imputed (Numeric),Replaced missing values with median,Imputation
st06q01,Imputed (Numeric),Replaced missing values with median,Imputation
st07q01,Imputed (Numeric),Replaced missing values with median,Imputation
st07q02,Imputed (Numeric),Replaced missing values with median,Imputation
st07q03,Imputed (Numeric),Replaced missing values with median,Imputation
st08q01,Imputed (Numeric),Replaced missing values with median,Imputation
st08q02,Imputed (Numeric),Replaced missing values with median,Imputation
st08q03,Imputed (Numeric),Replaced missing values with median,Imputation
st08q04,Imputed (Numeric),Replaced missing values with median,Imputation
st08q05,Imputed (Numeric),Replaced missing values with median,Imputation
st08q06,Imputed (Numeric),Replaced missing values with median,Imputation
st09q01,Imputed (Numeric),Replaced missing values with median,Imputation
st10q01,Imputed (Numeric),Replaced missing values with median,Imputation
st11q01,Imputed (Numeric),Replaced missing values with median,Imputation
st11q02,Imputed (Numeric),Replaced missing values with median,Imputation
st11q03,Imputed (Numeric),Replaced missing values with median,Imputation
st11q04,Imputed (Numeric),Replaced missing values with median,Imputation
st12q01,Imputed (Numeric),Replaced missing values with median,Imputation
st13q01,Imputed (Numeric),Replaced missing values with median,Imputation
st14q01,Imputed (Numeric),Replaced missing values with median,Imputation
st15q01,Imputed (Numeric),Replaced missing values with median,Imputation
st15q02,Imputed (Numeric),Replaced missing values with median,Imputation
st15q03,Imputed (Numeric),Replaced missing values with median,Imputation
st15q04,Imputed (Numeric),Replaced missing values with median,Imputation
st16q01,Imputed (Numeric),Replaced missing values with median,Imputation
st17q01,Imputed (Numeric),Replaced missing values with median,Imputation
st17q02,Imputed (Numeric),Replaced missing values with median,Imputation
st17q03,Imputed (Numeric),Replaced missing values with median,Imputation
st18q01,Imputed (Numeric),Replaced missing values with median,Imputation
st19q01,Imputed (Numeric),Replaced missing values with median,Imputation
st20q01,Imputed (Numeric),Replaced missing values with median,Imputation
st20q02,Imputed (Numeric),Replaced missing values with median,Imputation
st20q03,Imputed (Numeric),Replaced missing values with median,Imputation
st20q04,Imputed (Numeric),Replaced missing values with median,Imputation
st20q05,Imputed (Numeric),Replaced missing values with median,Imputation
st20q06,Imputed (Numeric),Replaced missing values with median,Imputation
st20q07,Imputed (Numeric),Replaced missing values with median,Imputation
st20q08,Imputed (Numeric),Replaced missing values with median,Imputation
st20q09,Imputed (Numeric),Replaced missing values with median,Imputation
st20q10,Imputed (Numeric),Replaced missing values with median,Imputation
st20q11,Imputed (Numeric),Replaced missing values with median,Imputation
st20q12,Imputed (Numeric),Replaced missing values with median,Imputation
st20q13,Imputed (Numeric),Replaced missing values with median,Imputation
st20q14,Imputed (Numeric),Replaced missing values with median,Imputation
st20q15,Imputed (Numeric),Replaced missing values with median,Imputation
st20q16,Imputed (Numeric),Replaced missing values with median,Imputation
st20q17,Imputed (Numeric),Replaced missing values with median,Imputation
st21q01,Imputed (Numeric),Replaced missing values with median,Imputation
st21q02,Imputed (Numeric),Replaced missing values with median,Imputation
st21q03,Imputed (Numeric),Replaced missing values with median,Imputation
st21q04,Imputed (Numeric),Replaced missing values with median,Imputation
st21q05,Imputed (Numeric),Replaced missing values with median,Imputation
st22q01,Imputed (Numeric),Replaced missing values with median,Imputation
st23q01,Imputed (Numeric),Replaced missing values with median,Imputation
st24q01,Imputed (Numeric),Replaced missing values with median,Imputation
st24q02,Imputed (Numeric),Replaced missing values with median,Imputation
st24q03,Imputed (Numeric),Replaced missing values with median,Imputation
st24q04,Imputed (Numeric),Replaced missing values with median,Imputation
st24q05,Imputed (Numeric),Replaced missing values with median,Imputation
st24q06,Imputed (Numeric),Replaced missing values with median,Imputation
st24q07,Imputed (Numeric),Replaced missing values with median,Imputation
st24q08,Imputed (Numeric),Replaced missing values with median,Imputation
st24q09,Imputed (Numeric),Replaced missing values with median,Imputation
st24q10,Imputed (Numeric),Replaced missing values with median,Imputation
st24q11,Imputed (Numeric),Replaced missing values with median,Imputation
st25q01,Imputed (Numeric),Replaced missing values with median,Imputation
st25q02,Imputed (Numeric),Replaced missing values with median,Imputation
st25q03,Imputed (Numeric),Replaced missing values with median,Imputation
st25q04,Imputed (Numeric),Replaced missing values with median,Imputation
st25q05,Imputed (Numeric),Replaced missing values with median,Imputation
st26q01,Imputed (Numeric),Replaced missing values with median,Imputation
st26q02,Imputed (Numeric),Replaced missing values with median,Imputation
st26q03,Imputed (Numeric),Replaced missing values with median,Imputation
st26q04,Imputed (Numeric),Replaced missing values with median,Imputation
st26q05,Imputed (Numeric),Replaced missing values with median,Imputation
st26q06,Imputed (Numeric),Replaced missing values with median,Imputation
st26q07,Imputed (Numeric),Replaced missing values with median,Imputation
st27q01,Imputed (Numeric),Replaced missing values with median,Imputation
st27q02,Imputed (Numeric),Replaced missing values with median,Imputation
st27q03,Imputed (Numeric),Replaced missing values with median,Imputation
st27q04,Imputed (Numeric),Replaced missing values with median,Imputation
st27q05,Imputed (Numeric),Replaced missing values with median,Imputation
st27q06,Imputed (Numeric),Replaced missing values with median,Imputation
st27q07,Imputed (Numeric),Replaced missing values with median,Imputation
st27q08,Imputed (Numeric),Replaced missing values with median,Imputation
st27q09,Imputed (Numeric),Replaced missing values with median,Imputation
st27q10,Imputed (Numeric),Replaced missing values with median,Imputation
st27q11,Imputed (Numeric),Replaced missing values with median,Imputation
st27q12,Imputed (Numeric),Replaced missing values with median,Imputation
st27q13,Imputed (Numeric),Replaced missing values with median,Imputation
st28q01,Imputed (Numeric),Replaced missing values with median,Imputation
st28q02,Imputed (Numeric),Replaced missing values with median,Imputation
st28q03,Imputed (Numeric),Replaced missing values with median,Imputation
st29q01,Imputed (Numeric),Replaced missing values with median,Imputation
st29q02,Imputed (Numeric),Replaced missing values with median,Imputation
st29q03,Imputed (Numeric),Replaced missing values with median,Imputation
st30q01,Imputed (Numeric),Replaced missing values with median,Imputation
st31q01,Imputed (Numeric),Replaced missing values with median,Imputation
st31q02,Imputed (Numeric),Replaced missing values with median,Imputation
st31q03,Imputed (Numeric),Replaced missing values with median,Imputation
st31q04,Imputed (Numeric),Replaced missing values with median,Imputation
st31q05,Imputed (Numeric),Replaced missing values with median,Imputation
st31q06,Imputed (Numeric),Replaced missing values with median,Imputation
st31q07,Imputed (Numeric),Replaced missing values with median,Imputation
st31q08,Imputed (Numeric),Replaced missing values with median,Imputation
st31q09,Imputed (Numeric),Replaced missing values with median,Imputation
st32q01,Imputed (Numeric),Replaced missing values with median,Imputation
st32q02,Imputed (Numeric),Replaced missing values with median,Imputation
st32q03,Imputed (Numeric),Replaced missing values with median,Imputation
st32q04,Imputed (Numeric),Replaced missing values with median,Imputation
st33q01,Imputed (Numeric),Replaced missing values with median,Imputation
st33q02,Imputed (Numeric),Replaced missing values with median,Imputation
st33q03,Imputed (Numeric),Replaced missing values with median,Imputation
st33q04,Imputed (Numeric),Replaced missing values with median,Imputation
st34q01,Imputed (Numeric),Replaced missing values with median,Imputation
st34q02,Imputed (Numeric),Replaced missing values with median,Imputation
st34q03,Imputed (Numeric),Replaced missing values with median,Imputation
st34q04,Imputed (Numeric),Replaced missing values with median,Imputation
st34q05,Imputed (Numeric),Replaced missing values with median,Imputation
st35q01,Imputed (Numeric),Replaced missing values with median,Imputation
st36q01,Imputed (Numeric),Replaced missing values with median,Imputation
st36q02,Imputed (Numeric),Replaced missing values with median,Imputation
st36q03,Imputed (Numeric),Replaced missing values with median,Imputation
st36q04,Imputed (Numeric),Replaced missing values with median,Imputation
st36q05,Imputed (Numeric),Replaced missing values with median,Imputation
st37q01,Imputed (Numeric),Replaced missing values with median,Imputation
st37q02,Imputed (Numeric),Replaced missing values with median,Imputation
st37q03,Imputed (Numeric),Replaced missing values with median,Imputation
st37q04,Imputed (Numeric),Replaced missing values with median,Imputation
st37q05,Imputed (Numeric),Replaced missing values with median,Imputation
st37q06,Imputed (Numeric),Replaced missing values with median,Imputation
st37q07,Imputed (Numeric),Replaced missing values with median,Imputation
st38q01,Imputed (Numeric),Replaced missing values with median,Imputation
st38q02,Imputed (Numeric),Replaced missing values with median,Imputation
st38q03,Imputed (Numeric),Replaced missing values with median,Imputation
st38q04,Imputed (Numeric),Replaced missing values with median,Imputation
st38q05,Imputed (Numeric),Replaced missing values with median,Imputation
st38q06,Imputed (Numeric),Replaced missing values with median,Imputation
st38q07,Imputed (Numeric),Replaced missing values with median,Imputation
st38q08,Imputed (Numeric),Replaced missing values with median,Imputation
st38q09,Imputed (Numeric),Replaced missing values with median,Imputation
st39q01,Imputed (Numeric),Replaced missing values with median,Imputation
st39q02,Imputed (Numeric),Replaced missing values with median,Imputation
st39q03,Imputed (Numeric),Replaced missing values with median,Imputation
st39q04,Imputed (Numeric),Replaced missing values with median,Imputation
st39q05,Imputed (Numeric),Replaced missing values with median,Imputation
st39q06,Imputed (Numeric),Replaced missing values with median,Imputation
st39q07,Imputed (Numeric),Replaced missing values with median,Imputation
st40q01,Imputed (Numeric),Replaced missing values with median,Imputation
st41q01,Imputed (Numeric),Replaced missing values with median,Imputation
st41q02,Imputed (Numeric),Replaced missing values with median,Imputation
st41q03,Imputed (Numeric),Replaced missing values with median,Imputation
st41q04,Imputed (Numeric),Replaced missing values with median,Imputation
st41q05,Imputed (Numeric),Replaced missing values with median,Imputation
st41q06,Imputed (Numeric),Replaced missing values with median,Imputation
st42q01,Imputed (Numeric),Replaced missing values with median,Imputation
st42q02,Imputed (Numeric),Replaced missing values with median,Imputation
st42q03,Imputed (Numeric),Replaced missing values with median,Imputation
st42q04,Imputed (Numeric),Replaced missing values with median,Imputation
st42q05,Imputed (Numeric),Replaced missing values with median,Imputation
ic01q01,Imputed (Numeric),Replaced missing values with median,Imputation
ic01q02,Imputed (Numeric),Replaced missing values with median,Imputation
ic01q03,Imputed (Numeric),Replaced missing values with median,Imputation
ic01q04,Imputed (Numeric),Replaced missing values with median,Imputation
ic01q05,Imputed (Numeric),Replaced missing values with median,Imputation
ic01q06,Imputed (Numeric),Replaced missing values with median,Imputation
ic01q07,Imputed (Numeric),Replaced missing values with median,Imputation
ic01q08,Imputed (Numeric),Replaced missing values with median,Imputation
ic02q01,Imputed (Numeric),Replaced missing values with median,Imputation
ic02q02,Imputed (Numeric),Replaced missing values with median,Imputation
ic02q03,Imputed (Numeric),Replaced missing values with median,Imputation
ic02q04,Imputed (Numeric),Replaced missing values with median,Imputation
ic02q05,Imputed (Numeric),Replaced missing values with median,Imputation
ic03q01,Imputed (Numeric),Replaced missing values with median,Imputation
ic04q01,Imputed (Numeric),Replaced missing values with median,Imputation
ic04q02,Imputed (Numeric),Replaced missing values with median,Imputation
ic04q03,Imputed (Numeric),Replaced missing values with median,Imputation
ic04q04,Imputed (Numeric),Replaced missing values with median,Imputation
ic04q05,Imputed (Numeric),Replaced missing values with median,Imputation
ic04q06,Imputed (Numeric),Replaced missing values with median,Imputation
ic04q07,Imputed (Numeric),Replaced missing values with median,Imputation
ic04q08,Imputed (Numeric),Replaced missing values with median,Imputation
ic04q09,Imputed (Numeric),Replaced missing values with median,Imputation
ic05q01,Imputed (Numeric),Replaced missing values with median,Imputation
ic05q02,Imputed (Numeric),Replaced missing values with median,Imputation
ic05q03,Imputed (Numeric),Replaced missing values with median,Imputation
ic05q04,Imputed (Numeric),Replaced missing values with median,Imputation
ic05q05,Imputed (Numeric),Replaced missing values with median,Imputation
ic06q01,Imputed (Numeric),Replaced missing values with median,Imputation
ic06q02,Imputed (Numeric),Replaced missing values with median,Imputation
ic06q03,Imputed (Numeric),Replaced missing values with median,Imputation
ic06q04,Imputed (Numeric),Replaced missing values with median,Imputation
ic06q05,Imputed (Numeric),Replaced missing values with median,Imputation
ic06q06,Imputed (Numeric),Replaced missing values with median,Imputation
ic06q07,Imputed (Numeric),Replaced missing values with median,Imputation
ic06q08,Imputed (Numeric),Replaced missing values with median,Imputation
ic06q09,Imputed (Numeric),Replaced missing values with median,Imputation
ic07q01,Imputed (Numeric),Replaced missing values with median,Imputation
ic07q02,Imputed (Numeric),Replaced missing values with median,Imputation
ic07q03,Imputed (Numeric),Replaced missing values with median,Imputation
ic07q04,Imputed (Numeric),Replaced missing values with median,Imputation
ic08q01,Imputed (Numeric),Replaced missing values with median,Imputation
ic08q02,Imputed (Numeric),Replaced missing values with median,Imputation
ic08q03,Imputed (Numeric),Replaced missing values with median,Imputation
ic08q04,Imputed (Numeric),Replaced missing values with median,Imputation
ic08q05,Imputed (Numeric),Replaced missing values with median,Imputation
ic09q01,Imputed (Numeric),Replaced missing values with median,Imputation
ic10q01,Imputed (Numeric),Replaced missing values with median,Imputation
ic10q02,Imputed (Numeric),Replaced missing values with median,Imputation
ic10q03,Imputed (Numeric),Replaced missing values with median,Imputation
ic10q04,Imputed (Numeric),Replaced missing values with median,Imputation
ec01q01,Imputed (Numeric),Replaced missing values with median,Imputation
ec02q01,Imputed (Numeric),Replaced missing values with median,Imputation
ec03q01,Imputed (Numeric),Replaced missing values with median,Imputation
ec04q01,Imputed (Numeric),Replaced missing values with median,Imputation
ec05q01a,Imputed (Numeric),Replaced missing values with median,Imputation
ec05q01b,Imputed (Numeric),Replaced missing values with median,Imputation
ec05q01c,Imputed (Numeric),Replaced missing values with median,Imputation
ec05q01d,Imputed (Numeric),Replaced missing values with median,Imputation
ec05q01e,Imputed (Numeric),Replaced missing values with median,Imputation
ec05q01f,Imputed (Numeric),Replaced missing values with median,Imputation
ec06q01,Imputed (Numeric),Replaced missing values with median,Imputation
ec06q02,Imputed (Numeric),Replaced missing values with median,Imputation
ec06q03,Imputed (Numeric),Replaced missing values with median,Imputation
ec07q01,Imputed (Numeric),Replaced missing values with median,Imputation
rfs1q01,Imputed (Numeric),Replaced missing values with median,Imputation
rfs1q02,Imputed (Numeric),Replaced missing values with median,Imputation
rfs1q03,Imputed (Numeric),Replaced missing values with median,Imputation
rfs1q04,Imputed (Numeric),Replaced missing values with median,Imputation
rfs1q05,Imputed (Numeric),Replaced missing values with median,Imputation
rfs1q06,Imputed (Numeric),Replaced missing values with median,Imputation
rfs1q07,Imputed (Numeric),Replaced missing values with median,Imputation
rfs1q08,Imputed (Numeric),Replaced missing values with median,Imputation
rfs2q01,Imputed (Numeric),Replaced missing values with median,Imputation
rfs2q02,Imputed (Numeric),Replaced missing values with median,Imputation
rfs2q03,Imputed (Numeric),Replaced missing values with median,Imputation
rfs2q04,Imputed (Numeric),Replaced missing values with median,Imputation
rfs2q05,Imputed (Numeric),Replaced missing values with median,Imputation
rfs2q06,Imputed (Numeric),Replaced missing values with median,Imputation
rfs2q07,Imputed (Numeric),Replaced missing values with median,Imputation
rfs2q08,Imputed (Numeric),Replaced missing values with median,Imputation
rfs2q09,Imputed (Numeric),Replaced missing values with median,Imputation
bookid,Imputed (Numeric),Replaced missing values with median,Imputation
age,Imputed (Numeric),Replaced missing values with median,Imputation
bfmj,Imputed (Numeric),Replaced missing values with median,Imputation
bmmj,Imputed (Numeric),Replaced missing values with median,Imputation
grade,Imputed (Numeric),Replaced missing values with median,Imputation
famstruc,Imputed (Numeric),Replaced missing values with median,Imputation
fisced,Imputed (Numeric),Replaced missing values with median,Imputation
misced,Imputed (Numeric),Replaced missing values with median,Imputation
hisced,Imputed (Numeric),Replaced missing values with median,Imputation
fsecateg,Imputed (Numeric),Replaced missing values with median,Imputation
msecateg,Imputed (Numeric),Replaced missing values with median,Imputation
hsecateg,Imputed (Numeric),Replaced missing values with median,Imputation
hisei,Imputed (Numeric),Replaced missing values with median,Imputation
immig,Imputed (Numeric),Replaced missing values with median,Imputation
iscedd,Imputed (Numeric),Replaced missing values with median,Imputation
iscedl,Imputed (Numeric),Replaced missing values with median,Imputation
iscedo,Imputed (Numeric),Replaced missing values with median,Imputation
langn,Imputed (Numeric),Replaced missing values with median,Imputation
lmins,Imputed (Numeric),Replaced missing values with median,Imputation
mmins,Imputed (Numeric),Replaced missing values with median,Imputation
smins,Imputed (Numeric),Replaced missing values with median,Imputation
metasum,Imputed (Numeric),Replaced missing values with median,Imputation
undrem,Imputed (Numeric),Replaced missing values with median,Imputation
pared,Imputed (Numeric),Replaced missing values with median,Imputation
progn,Imputed (Numeric),Replaced missing values with median,Imputation
attcomp,Imputed (Numeric),Replaced missing values with median,Imputation
atschl,Imputed (Numeric),Replaced missing values with median,Imputation
cstrat,Imputed (Numeric),Replaced missing values with median,Imputation
cultposs,Imputed (Numeric),Replaced missing values with median,Imputation
disclima,Imputed (Numeric),Replaced missing values with median,Imputation
divread,Imputed (Numeric),Replaced missing values with median,Imputation
elab,Imputed (Numeric),Replaced missing values with median,Imputation
entuse,Imputed (Numeric),Replaced missing values with median,Imputation
escs,Imputed (Numeric),Replaced missing values with median,Imputation
hedres,Imputed (Numeric),Replaced missing values with median,Imputation
highconf,Imputed (Numeric),Replaced missing values with median,Imputation
homepos,Imputed (Numeric),Replaced missing values with median,Imputation
homsch,Imputed (Numeric),Replaced missing values with median,Imputation
icthome,Imputed (Numeric),Replaced missing values with median,Imputation
ictres,Imputed (Numeric),Replaced missing values with median,Imputation
ictsch,Imputed (Numeric),Replaced missing values with median,Imputation
joyread,Imputed (Numeric),Replaced missing values with median,Imputation
libuse,Imputed (Numeric),Replaced missing values with median,Imputation
memor,Imputed (Numeric),Replaced missing values with median,Imputation
onlnread,Imputed (Numeric),Replaced missing values with median,Imputation
stimread,Imputed (Numeric),Replaced missing values with median,Imputation
strstrat,Imputed (Numeric),Replaced missing values with median,Imputation
studrel,Imputed (Numeric),Replaced missing values with median,Imputation
usesch,Imputed (Numeric),Replaced missing values with median,Imputation
wealth,Imputed (Numeric),Replaced missing values with median,Imputation
rfsintrp,Imputed (Numeric),Replaced missing values with median,Imputation
rfsncont,Imputed (Numeric),Replaced missing values with median,Imputation
rfstrlit,Imputed (Numeric),Replaced missing values with median,Imputation
rfsfumat,Imputed (Numeric),Replaced missing values with median,Imputation
pv1math,Imputed (Numeric),Replaced missing values with median,Imputation
pv2math,Imputed (Numeric),Replaced missing values with median,Imputation
pv3math,Imputed (Numeric),Replaced missing values with median,Imputation
pv4math,Imputed (Numeric),Replaced missing values with median,Imputation
pv5math,Imputed (Numeric),Replaced missing values with median,Imputation
pv1read,Imputed (Numeric),Replaced missing values with median,Imputation
pv2read,Imputed (Numeric),Replaced missing values with median,Imputation
pv3read,Imputed (Numeric),Replaced missing values with median,Imputation
pv4read,Imputed (Numeric),Replaced missing values with median,Imputation
pv5read,Imputed (Numeric),Replaced missing values with median,Imputation
pv1scie,Imputed (Numeric),Replaced missing values with median,Imputation
pv2scie,Imputed (Numeric),Replaced missing values with median,Imputation
pv3scie,Imputed (Numeric),Replaced missing values with median,Imputation
pv4scie,Imputed (Numeric),Replaced missing values with median,Imputation
pv5scie,Imputed (Numeric),Replaced missing values with median,Imputation
pv1read1,Imputed (Numeric),Replaced missing values with median,Imputation
pv2read1,Imputed (Numeric),Replaced missing values with median,Imputation
pv3read1,Imputed (Numeric),Replaced missing values with median,Imputation
pv4read1,Imputed (Numeric),Replaced missing values with median,Imputation
pv5read1,Imputed (Numeric),Replaced missing values with median,Imputation
pv1read2,Imputed (Numeric),Replaced missing values with median,Imputation
pv2read2,Imputed (Numeric),Replaced missing values with median,Imputation
pv3read2,Imputed (Numeric),Replaced missing values with median,Imputation
pv4read2,Imputed (Numeric),Replaced missing values with median,Imputation
pv5read2,Imputed (Numeric),Replaced missing values with median,Imputation
pv1read3,Imputed (Numeric),Replaced missing values with median,Imputation
pv2read3,Imputed (Numeric),Replaced missing values with median,Imputation
pv3read3,Imputed (Numeric),Replaced missing values with median,Imputation
pv4read3,Imputed (Numeric),Replaced missing values with median,Imputation
pv5read3,Imputed (Numeric),Replaced missing values with median,Imputation
pv1read4,Imputed (Numeric),Replaced missing values with median,Imputation
pv2read4,Imputed (Numeric),Replaced missing values with median,Imputation
pv3read4,Imputed (Numeric),Replaced missing values with median,Imputation
pv4read4,Imputed (Numeric),Replaced missing values with median,Imputation
pv5read4,Imputed (Numeric),Replaced missing values with median,Imputation
pv1read5,Imputed (Numeric),Replaced missing values with median,Imputation
pv2read5,Imputed (Numeric),Replaced missing values with median,Imputation
pv3read5,Imputed (Numeric),Replaced missing values with median,Imputation
pv4read5,Imputed (Numeric),Replaced missing values with median,Imputation
pv5read5,Imputed (Numeric),Replaced missing values with median,Imputation
w_fstuwt,Imputed (Numeric),Replaced missing values with median,Imputation
w_fstr1,Imputed (Numeric),Replaced missing values with median,Imputation
w_fstr2,Imputed (Numeric),Replaced missing values with median,Imputation
w_fstr3,Imputed (Numeric),Replaced missing values with median,Imputation
w_fstr4,Imputed (Numeric),Replaced missing values with median,Imputation
w_fstr5,Imputed (Numeric),Replaced missing values with median,Imputation
w_fstr6,Imputed (Numeric),Replaced missing values with median,Imputation
w_fstr7,Imputed (Numeric),Replaced missing values with median,Imputation
w_fstr8,Imputed (Numeric),Replaced missing values with median,Imputation
w_fstr9,Imputed (Numeric),Replaced missing values with median,Imputation
w_fstr10,Imputed (Numeric),Replaced missing values with median,Imputation
w_fstr11,Imputed (Numeric),Replaced missing values with median,Imputation
w_fstr12,Imputed (Numeric),Replaced missing values with median,Imputation
w_fstr13,Imputed (Numeric),Replaced missing values with median,Imputation
w_fstr14,Imputed (Numeric),Replaced missing values with median,Imputation
w_fstr15,Imputed (Numeric),Replaced missing values with median,Imputation
w_fstr16,Imputed (Numeric),Replaced missing values with median,Imputation
w_fstr17,Imputed (Numeric),Replaced missing values with median,Imputation
w_fstr18,Imputed (Numeric),Replaced missing values with median,Imputation
w_fstr19,Imputed (Numeric),Replaced missing values with median,Imputation
w_fstr20,Imputed (Numeric),Replaced missing values with median,Imputation
w_fstr21,Imputed (Numeric),Replaced missing values with median,Imputation
w_fstr22,Imputed (Numeric),Replaced missing values with median,Imputation
w_fstr23,Imputed (Numeric),Replaced missing values with median,Imputation
w_fstr24,Imputed (Numeric),Replaced missing values with median,Imputation
w_fstr25,Imputed (Numeric),Replaced missing values with median,Imputation
w_fstr26,Imputed (Numeric),Replaced missing values with median,Imputation
w_fstr27,Imputed (Numeric),Replaced missing values with median,Imputation
w_fstr28,Imputed (Numeric),Replaced missing values with median,Imputation
w_fstr29,Imputed (Numeric),Replaced missing values with median,Imputation
w_fstr30,Imputed (Numeric),Replaced missing values with median,Imputation
w_fstr31,Imputed (Numeric),Replaced missing values with median,Imputation
w_fstr32,Imputed (Numeric),Replaced missing values with median,Imputation
w_fstr33,Imputed (Numeric),Replaced missing values with median,Imputation
w_fstr34,Imputed (Numeric),Replaced missing values with median,Imputation
w_fstr35,Imputed (Numeric),Replaced missing values with median,Imputation
w_fstr36,Imputed (Numeric),Replaced missing values with median,Imputation
w_fstr37,Imputed (Numeric),Replaced missing values with median,Imputation
w_fstr38,Imputed (Numeric),Replaced missing values with median,Imputation
w_fstr39,Imputed (Numeric),Replaced missing values with median,Imputation
w_fstr40,Imputed (Numeric),Replaced missing values with median,Imputation
w_fstr41,Imputed (Numeric),Replaced missing values with median,Imputation
w_fstr42,Imputed (Numeric),Replaced missing values with median,Imputation
w_fstr43,Imputed (Numeric),Replaced missing values with median,Imputation
w_fstr44,Imputed (Numeric),Replaced missing values with median,Imputation
w_fstr45,Imputed (Numeric),Replaced missing values with median,Imputation
w_fstr46,Imputed (Numeric),Replaced missing values with median,Imputation
w_fstr47,Imputed (Numeric),Replaced missing values with median,Imputation
w_fstr48,Imputed (Numeric),Replaced missing values with median,Imputation
w_fstr49,Imputed (Numeric),Replaced missing values with median,Imputation
w_fstr50,Imputed (Numeric),Replaced missing values with median,Imputation
w_fstr51,Imputed (Numeric),Replaced missing values with median,Imputation
w_fstr52,Imputed (Numeric),Replaced missing values with median,Imputation
w_fstr53,Imputed (Numeric),Replaced missing values with median,Imputation
w_fstr54,Imputed (Numeric),Replaced missing values with median,Imputation
w_fstr55,Imputed (Numeric),Replaced missing values with median,Imputation
w_fstr56,Imputed (Numeric),Replaced missing values with median,Imputation
w_fstr57,Imputed (Numeric),Replaced missing values with median,Imputation
w_fstr58,Imputed (Numeric),Replaced missing values with median,Imputation
w_fstr59,Imputed (Numeric),Replaced missing values with median,Imputation
w_fstr60,Imputed (Numeric),Replaced missing values with median,Imputation
w_fstr61,Imputed (Numeric),Replaced missing values with median,Imputation
w_fstr62,Imputed (Numeric),Replaced missing values with median,Imputation
w_fstr63,Imputed (Numeric),Replaced missing values with median,Imputation
w_fstr64,Imputed (Numeric),Replaced missing values with median,Imputation
w_fstr65,Imputed (Numeric),Replaced missing values with median,Imputation
w_fstr66,Imputed (Numeric),Replaced missing values with median,Imputation
w_fstr67,Imputed (Numeric),Replaced missing values with median,Imputation
w_fstr68,Imputed (Numeric),Replaced missing values with median,Imputation
w_fstr69,Imputed (Numeric),Replaced missing values with median,Imputation
w_fstr70,Imputed (Numeric),Replaced missing values with median,Imputation
w_fstr71,Imputed (Numeric),Replaced missing values with median,Imputation
w_fstr72,Imputed (Numeric),Replaced missing values with median,Imputation
w_fstr73,Imputed (Numeric),Replaced missing values with median,Imputation
w_fstr74,Imputed (Numeric),Replaced missing values with median,Imputation
w_fstr75,Imputed (Numeric),Replaced missing values with median,Imputation
w_fstr76,Imputed (Numeric),Replaced missing values with median,Imputation
w_fstr77,Imputed (Numeric),Replaced missing values with median,Imputation
w_fstr78,Imputed (Numeric),Replaced missing values with median,Imputation
w_fstr79,Imputed (Numeric),Replaced missing values with median,Imputation
w_fstr80,Imputed (Numeric),Replaced missing values with median,Imputation
cntfac,Imputed (Numeric),Replaced missing values with median,Imputation
stratum,Imputed (Numeric),Replaced missing values with median,Imputation
wvarstrr,Imputed (Numeric),Replaced missing values with median,Imputation
randunit,Imputed (Numeric),Replaced missing values with median,Imputation
sc01q01,Imputed (Numeric),Replaced missing values with median,Imputation
sc01q02,Imputed (Numeric),Replaced missing values with median,Imputation
sc01q03,Imputed (Numeric),Replaced missing values with median,Imputation
sc01q04,Imputed (Numeric),Replaced missing values with median,Imputation
sc01q05,Imputed (Numeric),Replaced missing values with median,Imputation
sc01q06,Imputed (Numeric),Replaced missing values with median,Imputation
sc01q07,Imputed (Numeric),Replaced missing values with median,Imputation
sc01q08,Imputed (Numeric),Replaced missing values with median,Imputation
sc01q09,Imputed (Numeric),Replaced missing values with median,Imputation
sc01q10,Imputed (Numeric),Replaced missing values with median,Imputation
sc01q11,Imputed (Numeric),Replaced missing values with median,Imputation
sc01q12,Imputed (Numeric),Replaced missing values with median,Imputation
sc01q13,Imputed (Numeric),Replaced missing values with median,Imputation
sc01q14,Imputed (Numeric),Replaced missing values with median,Imputation
sc02q01,Imputed (Numeric),Replaced missing values with median,Imputation
sc03q01,Imputed (Numeric),Replaced missing values with median,Imputation
sc03q02,Imputed (Numeric),Replaced missing values with median,Imputation
sc03q03,Imputed (Numeric),Replaced missing values with median,Imputation
sc03q04,Imputed (Numeric),Replaced missing values with median,Imputation
sc04q01,Imputed (Numeric),Replaced missing values with median,Imputation
sc05q01,Imputed (Numeric),Replaced missing values with median,Imputation
sc06q01,Imputed (Numeric),Replaced missing values with median,Imputation
sc06q02,Imputed (Numeric),Replaced missing values with median,Imputation
sc07q01,Imputed (Numeric),Replaced missing values with median,Imputation
sc07q02,Imputed (Numeric),Replaced missing values with median,Imputation
sc08q01,Imputed (Numeric),Replaced missing values with median,Imputation
sc09q11,Imputed (Numeric),Replaced missing values with median,Imputation
sc09q12,Imputed (Numeric),Replaced missing values with median,Imputation
sc09q21,Imputed (Numeric),Replaced missing values with median,Imputation
sc09q22,Imputed (Numeric),Replaced missing values with median,Imputation
sc09q31,Imputed (Numeric),Replaced missing values with median,Imputation
sc09q32,Imputed (Numeric),Replaced missing values with median,Imputation
sc10q01,Imputed (Numeric),Replaced missing values with median,Imputation
sc10q02,Imputed (Numeric),Replaced missing values with median,Imputation
sc10q03,Imputed (Numeric),Replaced missing values with median,Imputation
sc11q01,Imputed (Numeric),Replaced missing values with median,Imputation
sc11q02,Imputed (Numeric),Replaced missing values with median,Imputation
sc11q03,Imputed (Numeric),Replaced missing values with median,Imputation
sc11q04,Imputed (Numeric),Replaced missing values with median,Imputation
sc11q05,Imputed (Numeric),Replaced missing values with median,Imputation
sc11q06,Imputed (Numeric),Replaced missing values with median,Imputation
sc11q07,Imputed (Numeric),Replaced missing values with median,Imputation
sc11q08,Imputed (Numeric),Replaced missing values with median,Imputation
sc11q09,Imputed (Numeric),Replaced missing values with median,Imputation
sc11q10,Imputed (Numeric),Replaced missing values with median,Imputation
sc11q11,Imputed (Numeric),Replaced missing values with median,Imputation
sc11q12,Imputed (Numeric),Replaced missing values with median,Imputation
sc11q13,Imputed (Numeric),Replaced missing values with median,Imputation
sc12q01,Imputed (Numeric),Replaced missing values with median,Imputation
sc12q02,Imputed (Numeric),Replaced missing values with median,Imputation
sc13q01,Imputed (Numeric),Replaced missing values with median,Imputation
sc13q02,Imputed (Numeric),Replaced missing values with median,Imputation
sc13q03,Imputed (Numeric),Replaced missing values with median,Imputation
sc13q04,Imputed (Numeric),Replaced missing values with median,Imputation
sc13q05,Imputed (Numeric),Replaced missing values with median,Imputation
sc13q06,Imputed (Numeric),Replaced missing values with median,Imputation
sc13q07,Imputed (Numeric),Replaced missing values with median,Imputation
sc13q08,Imputed (Numeric),Replaced missing values with median,Imputation
sc13q09,Imputed (Numeric),Replaced missing values with median,Imputation
sc13q10,Imputed (Numeric),Replaced missing values with median,Imputation
sc13q11,Imputed (Numeric),Replaced missing values with median,Imputation
sc13q12,Imputed (Numeric),Replaced missing values with median,Imputation
sc13q13,Imputed (Numeric),Replaced missing values with median,Imputation
sc13q14,Imputed (Numeric),Replaced missing values with median,Imputation
sc14q01,Imputed (Numeric),Replaced missing values with median,Imputation
sc14q02,Imputed (Numeric),Replaced missing values with median,Imputation
sc14q03,Imputed (Numeric),Replaced missing values with median,Imputation
sc14q04,Imputed (Numeric),Replaced missing values with median,Imputation
sc14q05,Imputed (Numeric),Replaced missing values with median,Imputation
sc15q01,Imputed (Numeric),Replaced missing values with median,Imputation
sc15q02,Imputed (Numeric),Replaced missing values with median,Imputation
sc15q03,Imputed (Numeric),Replaced missing values with median,Imputation
sc15q04,Imputed (Numeric),Replaced missing values with median,Imputation
sc15q05,Imputed (Numeric),Replaced missing values with median,Imputation
sc16q01,Imputed (Numeric),Replaced missing values with median,Imputation
sc16q02,Imputed (Numeric),Replaced missing values with median,Imputation
sc16q03,Imputed (Numeric),Replaced missing values with median,Imputation
sc16q04,Imputed (Numeric),Replaced missing values with median,Imputation
sc16q05,Imputed (Numeric),Replaced missing values with median,Imputation
sc16q06,Imputed (Numeric),Replaced missing values with median,Imputation
sc16q07,Imputed (Numeric),Replaced missing values with median,Imputation
sc16q08,Imputed (Numeric),Replaced missing values with median,Imputation
sc17q01,Imputed (Numeric),Replaced missing values with median,Imputation
sc17q02,Imputed (Numeric),Replaced missing values with median,Imputation
sc17q03,Imputed (Numeric),Replaced missing values with median,Imputation
sc17q04,Imputed (Numeric),Replaced missing values with median,Imputation
sc17q05,Imputed (Numeric),Replaced missing values with median,Imputation
sc17q06,Imputed (Numeric),Replaced missing values with median,Imputation
sc17q07,Imputed (Numeric),Replaced missing values with median,Imputation
sc17q08,Imputed (Numeric),Replaced missing values with median,Imputation
sc17q09,Imputed (Numeric),Replaced missing values with median,Imputation
sc17q10,Imputed (Numeric),Replaced missing values with median,Imputation
sc17q11,Imputed (Numeric),Replaced missing values with median,Imputation
sc17q12,Imputed (Numeric),Replaced missing values with median,Imputation
sc17q13,Imputed (Numeric),Replaced missing values with median,Imputation
sc18q01,Imputed (Numeric),Replaced missing values with median,Imputation
sc19q01,Imputed (Numeric),Replaced missing values with median,Imputation
sc19q02,Imputed (Numeric),Replaced missing values with median,Imputation
sc19q03,Imputed (Numeric),Replaced missing values with median,Imputation
sc19q04,Imputed (Numeric),Replaced missing values with median,Imputation
sc19q05,Imputed (Numeric),Replaced missing values with median,Imputation
sc19q06,Imputed (Numeric),Replaced missing values with median,Imputation
sc19q07,Imputed (Numeric),Replaced missing values with median,Imputation
sc20q01,Imputed (Numeric),Replaced missing values with median,Imputation
sc20q02,Imputed (Numeric),Replaced missing values with median,Imputation
sc20q03,Imputed (Numeric),Replaced missing values with median,Imputation
sc20q04,Imputed (Numeric),Replaced missing values with median,Imputation
sc20q05,Imputed (Numeric),Replaced missing values with median,Imputation
sc20q06,Imputed (Numeric),Replaced missing values with median,Imputation
sc21q01,Imputed (Numeric),Replaced missing values with median,Imputation
sc21q02,Imputed (Numeric),Replaced missing values with median,Imputation
sc21q03,Imputed (Numeric),Replaced missing values with median,Imputation
sc22q01,Imputed (Numeric),Replaced missing values with median,Imputation
sc22q02,Imputed (Numeric),Replaced missing values with median,Imputation
sc22q03,Imputed (Numeric),Replaced missing values with median,Imputation
sc22q04,Imputed (Numeric),Replaced missing values with median,Imputation
sc22q05,Imputed (Numeric),Replaced missing values with median,Imputation
sc23q01,Imputed (Numeric),Replaced missing values with median,Imputation
sc23q02,Imputed (Numeric),Replaced missing values with median,Imputation
sc23q03,Imputed (Numeric),Replaced missing values with median,Imputation
sc23q04,Imputed (Numeric),Replaced missing values with median,Imputation
sc24qa1,Imputed (Numeric),Replaced missing values with median,Imputation
sc24qa2,Imputed (Numeric),Replaced missing values with median,Imputation
sc24qa3,Imputed (Numeric),Replaced missing values with median,Imputation
sc24qa4,Imputed (Numeric),Replaced missing values with median,Imputation
sc24qa5,Imputed (Numeric),Replaced missing values with median,Imputation
sc24qb1,Imputed (Numeric),Replaced missing values with median,Imputation
sc24qb2,Imputed (Numeric),Replaced missing values with median,Imputation
sc24qb3,Imputed (Numeric),Replaced missing values with median,Imputation
sc24qb4,Imputed (Numeric),Replaced missing values with median,Imputation
sc24qb5,Imputed (Numeric),Replaced missing values with median,Imputation
sc24qc1,Imputed (Numeric),Replaced missing values with median,Imputation
sc24qc2,Imputed (Numeric),Replaced missing values with median,Imputation
sc24qc3,Imputed (Numeric),Replaced missing values with median,Imputation
sc24qc4,Imputed (Numeric),Replaced missing values with median,Imputation
sc24qc5,Imputed (Numeric),Replaced missing values with median,Imputation
sc24qd1,Imputed (Numeric),Replaced missing values with median,Imputation
sc24qd2,Imputed (Numeric),Replaced missing values with median,Imputation
sc24qd3,Imputed (Numeric),Replaced missing values with median,Imputation
sc24qd4,Imputed (Numeric),Replaced missing values with median,Imputation
sc24qd5,Imputed (Numeric),Replaced missing values with median,Imputation
sc24qe1,Imputed (Numeric),Replaced missing values with median,Imputation
sc24qe2,Imputed (Numeric),Replaced missing values with median,Imputation
sc24qe3,Imputed (Numeric),Replaced missing values with median,Imputation
sc24qe4,Imputed (Numeric),Replaced missing values with median,Imputation
sc24qe5,Imputed (Numeric),Replaced missing values with median,Imputation
sc24qf1,Imputed (Numeric),Replaced missing values with median,Imputation
sc24qf2,Imputed (Numeric),Replaced missing values with median,Imputation
sc24qf3,Imputed (Numeric),Replaced missing values with median,Imputation
sc24qf4,Imputed (Numeric),Replaced missing values with median,Imputation
sc24qf5,Imputed (Numeric),Replaced missing values with median,Imputation
sc24qg1,Imputed (Numeric),Replaced missing values with median,Imputation
sc24qg2,Imputed (Numeric),Replaced missing values with median,Imputation
sc24qg3,Imputed (Numeric),Replaced missing values with median,Imputation
sc24qg4,Imputed (Numeric),Replaced missing values with median,Imputation
sc24qg5,Imputed (Numeric),Replaced missing values with median,Imputation
sc24qh1,Imputed (Numeric),Replaced missing values with median,Imputation
sc24qh2,Imputed (Numeric),Replaced missing values with median,Imputation
sc24qh3,Imputed (Numeric),Replaced missing values with median,Imputation
sc24qh4,Imputed (Numeric),Replaced missing values with median,Imputation
sc24qh5,Imputed (Numeric),Replaced missing values with median,Imputation
sc24qi1,Imputed (Numeric),Replaced missing values with median,Imputation
sc24qi2,Imputed (Numeric),Replaced missing values with median,Imputation
sc24qi3,Imputed (Numeric),Replaced missing values with median,Imputation
sc24qi4,Imputed (Numeric),Replaced missing values with median,Imputation
sc24qi5,Imputed (Numeric),Replaced missing values with median,Imputation
sc24qj1,Imputed (Numeric),Replaced missing values with median,Imputation
sc24qj2,Imputed (Numeric),Replaced missing values with median,Imputation
sc24qj3,Imputed (Numeric),Replaced missing values with median,Imputation
sc24qj4,Imputed (Numeric),Replaced missing values with median,Imputation
sc24qj5,Imputed (Numeric),Replaced missing values with median,Imputation
sc24qk1,Imputed (Numeric),Replaced missing values with median,Imputation
sc24qk2,Imputed (Numeric),Replaced missing values with median,Imputation
sc24qk3,Imputed (Numeric),Replaced missing values with median,Imputation
sc24qk4,Imputed (Numeric),Replaced missing values with median,Imputation
sc24qk5,Imputed (Numeric),Replaced missing values with median,Imputation
sc24ql1,Imputed (Numeric),Replaced missing values with median,Imputation
sc24ql2,Imputed (Numeric),Replaced missing values with median,Imputation
sc24ql3,Imputed (Numeric),Replaced missing values with median,Imputation
sc24ql4,Imputed (Numeric),Replaced missing values with median,Imputation
sc24ql5,Imputed (Numeric),Replaced missing values with median,Imputation
sc25qa1,Imputed (Numeric),Replaced missing values with median,Imputation
sc25qa2,Imputed (Numeric),Replaced missing values with median,Imputation
sc25qa3,Imputed (Numeric),Replaced missing values with median,Imputation
sc25qa4,Imputed (Numeric),Replaced missing values with median,Imputation
sc25qb1,Imputed (Numeric),Replaced missing values with median,Imputation
sc25qb2,Imputed (Numeric),Replaced missing values with median,Imputation
sc25qb3,Imputed (Numeric),Replaced missing values with median,Imputation
sc25qb4,Imputed (Numeric),Replaced missing values with median,Imputation
sc25qc1,Imputed (Numeric),Replaced missing values with median,Imputation
sc25qc2,Imputed (Numeric),Replaced missing values with median,Imputation
sc25qc3,Imputed (Numeric),Replaced missing values with median,Imputation
sc25qc4,Imputed (Numeric),Replaced missing values with median,Imputation
sc25qd1,Imputed (Numeric),Replaced missing values with median,Imputation
sc25qd2,Imputed (Numeric),Replaced missing values with median,Imputation
sc25qd3,Imputed (Numeric),Replaced missing values with median,Imputation
sc25qd4,Imputed (Numeric),Replaced missing values with median,Imputation
sc25qe1,Imputed (Numeric),Replaced missing values with median,Imputation
sc25qe2,Imputed (Numeric),Replaced missing values with median,Imputation
sc25qe3,Imputed (Numeric),Replaced missing values with median,Imputation
sc25qe4,Imputed (Numeric),Replaced missing values with median,Imputation
sc25qf1,Imputed (Numeric),Replaced missing values with median,Imputation
sc25qf2,Imputed (Numeric),Replaced missing values with median,Imputation
sc25qf3,Imputed (Numeric),Replaced missing values with median,Imputation
sc25qf4,Imputed (Numeric),Replaced missing values with median,Imputation
sc26q01,Imputed (Numeric),Replaced missing values with median,Imputation
sc26q02,Imputed (Numeric),Replaced missing values with median,Imputation
sc26q03,Imputed (Numeric),Replaced missing values with median,Imputation
sc26q04,Imputed (Numeric),Replaced missing values with median,Imputation
sc26q05,Imputed (Numeric),Replaced missing values with median,Imputation
sc26q06,Imputed (Numeric),Replaced missing values with median,Imputation
sc26q07,Imputed (Numeric),Replaced missing values with median,Imputation
sc26q08,Imputed (Numeric),Replaced missing values with median,Imputation
sc26q09,Imputed (Numeric),Replaced missing values with median,Imputation
sc26q10,Imputed (Numeric),Replaced missing values with median,Imputation
sc26q11,Imputed (Numeric),Replaced missing values with median,Imputation
sc26q12,Imputed (Numeric),Replaced missing values with median,Imputation
sc26q13,Imputed (Numeric),Replaced missing values with median,Imputation
sc26q14,Imputed (Numeric),Replaced missing values with median,Imputation
sc27q01,Imputed (Numeric),Replaced missing values with median,Imputation
abgroup,Imputed (Numeric),Replaced missing values with median,Imputation
compweb,Imputed (Numeric),Replaced missing values with median,Imputation
iratcomp,Imputed (Numeric),Replaced missing values with median,Imputation
pcgirls,Imputed (Numeric),Replaced missing values with median,Imputation
propcert,Imputed (Numeric),Replaced missing values with median,Imputation
propqual,Imputed (Numeric),Replaced missing values with median,Imputation
schsize,Imputed (Numeric),Replaced missing values with median,Imputation
schtype,Imputed (Numeric),Replaced missing values with median,Imputation
selsch,Imputed (Numeric),Replaced missing values with median,Imputation
stratio,Imputed (Numeric),Replaced missing values with median,Imputation
excuract,Imputed (Numeric),Replaced missing values with median,Imputation
ldrshp,Imputed (Numeric),Replaced missing values with median,Imputation
respcurr,Imputed (Numeric),Replaced missing values with median,Imputation
respres,Imputed (Numeric),Replaced missing values with median,Imputation
scmatedu,Imputed (Numeric),Replaced missing values with median,Imputation
studbeha,Imputed (Numeric),Replaced missing values with median,Imputation
tchparti,Imputed (Numeric),Replaced missing values with median,Imputation
tcshort,Imputed (Numeric),Replaced missing values with median,Imputation
teacbeha,Imputed (Numeric),Replaced missing values with median,Imputation
w_fschwt,Imputed (Numeric),Replaced missing values with median,Imputation
cnt,Imputed (Categorical),Replaced missing values with mode,Imputation
schoolid,Imputed (Categorical),Replaced missing values with mode,Imputation
st_id_std,Imputed (Categorical),Replaced missing values with mode,Imputation
st03q02,Imputed (Categorical),Replaced missing values with mode,Imputation
cobn_f,Imputed (Categorical),Replaced missing values with mode,Imputation
cobn_m,Imputed (Categorical),Replaced missing values with mode,Imputation
cobn_s,Imputed (Categorical),Replaced missing values with mode,Imputation
testlang,Imputed (Categorical),Replaced missing values with mode,Imputation
ver_stu,Imputed (Categorical),Replaced missing values with mode,Imputation
ver_sch,Imputed (Categorical),Replaced missing values with mode,Imputation
gender,Altered,Converted to factor with levels 'Female' and 'Male',Standardization
